Feature1,Feature2,Feature3,Target
-6.389736734357892,16.489659981969208,5.876590017700728,8.681189191034976
-8.376015694483538,13.644275052204831,3.3987397102224373,9.039306971891012
5.647257130229262,2.2327211520103036,-10.02763278368165,11.508472198310784
6.978453877008776,17.396105295646485,-9.31437257307426,11.638571860137171
7.61243795500875,7.733108095401015,-8.88976499715664,11.703723053948654
-1.4346115654926825,17.03662067090073,-10.767978980586424,10.863124857525868
12.539965144820561,6.044279373730999,-0.28932583853382515,12.543302407028138
-3.0493985359538227,0.948947101583436,7.647866279236587,8.23338873466821
6.137128908166322,2.989573141206424,-0.6731554549936062,6.173936305311094
6.0225398419523914,8.53761808249325,3.0535968970539553,6.7524395708219025
0.899731409953104,12.337956226777814,-4.813802532688798,4.897163611089309
-9.008094824634254,2.3174025514331658,-3.9563246677566988,9.83861155073736
3.430068748642739,6.730611458097857,6.5230124959118365,7.369875415652393
-3.086437603153535,5.834111416420443,-10.248374929187595,10.703050302010217
5.68924315579361,16.38683135844612,3.8695345339035647,6.880464024672807
-8.508463078509111,8.566901033651755,-5.203905718025351,9.973694334620932
6.262063965735734,2.5222996203520163,2.1111135460153823,6.608346655188089
5.146725683086277,12.872379841228332,-2.6806704056386184,5.802997422074787
6.049802243380129,1.7859944568967672,2.9701164407806906,6.7395622154412225
8.997153425350708,0.5199233416876318,-7.72274439362793,11.857046458904158
3.9060931084625468,20.593054927705964,6.153269158898484,7.288366395416044
7.563942329626267,4.5267785602450665,-8.924412613705274,11.698647958870026
-8.421264659651435,7.121098571783716,3.3139691312174535,9.04986684269754
1.385876771174803,4.923446136821524,-4.797446976297082,4.993611109734509
-5.817482001118408,13.915561411241411,6.330005945129998,8.59721304253406
6.3595680508457875,13.061748360153137,1.1234092790982808,6.458030210652673
5.410375366600222,5.204320088005177,-2.3041293996694994,5.8805759835186056
9.80381476725222,19.24490316333158,9.000965506620279,13.30910079764823
3.676482683312281,9.767737605203752,-4.026416141720954,5.452389555690801
6.059584318087604,2.859270180977787,-0.9311580675689896,6.130711007282274
-4.394273890881587,2.228906223861391,-9.609640141021345,10.566684752939889
-3.757639172914013,0.37220248893334973,7.42583858133512,8.322435388145895
12.305399089319847,19.99097263135259,3.741068271614384,12.861509964242673
11.750232634265998,2.7270847452784075,-3.5450372569942767,12.273355535991255
-2.8180848990742278,1.3024302972924175,-10.353132817628955,10.729816477361386
12.273888245667758,2.0937006810704775,-1.8684946654780434,12.415297216823328
3.5834249097617605,4.331214598687939,-10.735467943108079,11.317738556858533
6.803568505148444,9.440854676958464,-9.42122209391967,11.62101416173339
5.927844247250053,7.486800176101786,3.3185643451850955,6.793541545673311
-9.371204860110609,10.359523803498112,0.41588116522937074,9.380428437643626
6.078501901955719,17.568657710141203,2.8779364987396394,6.725377600020468
2.193057271727256,7.165822783050423,-4.6620248401927595,5.152084607966965
2.486932210346655,10.161733089730541,-4.578141753414598,5.210010914884708
-3.3148670257427164,6.651412170723041,7.57285219812096,8.266585378071275
-9.475716255140888,12.326950812499847,-1.1675434561855853,9.547374312868593
-4.011272208793084,16.182707824399053,7.328839167264059,8.354770390181857
-8.067414234606723,0.25084844714419274,3.9257685863618206,8.971891184493963
6.331186172585069,1.6047383245649074,1.60504069098501,6.53146797983807
10.755132939285538,0.6423894795487587,-5.526053862662526,12.091739156744666
1.003680142981386,17.65442163269467,-4.814411317575901,4.917919292161885
0.297530047626607,19.647507549920718,-4.765463634890322,4.774742693036219
0.9360069497314036,18.168997713726142,-4.814269912725335,4.904416764766009
9.917224205968283,20.474012234951456,8.85507130759201,13.295248166694089
6.221137114747551,4.740611880102809,-0.331437023859218,6.229959670918756
-8.145526328101253,1.4521452944592688,-5.887797548816716,10.05065963694139
-5.244377640320408,17.42284240969749,-9.063016104103331,10.470996024138724
3.507804373474452,1.1742513491005258,-4.127584245105961,5.416792706298944
1.9282827896488617,18.272267069852706,-4.721537693103836,5.100116930449369
2.7599392292769562,4.797164913575286,-4.4827601473822165,5.264257125963749
-5.753554486753111,0.9387507632611535,6.375917650007388,8.58811475888117
-5.201812117087814,15.450862484105478,-9.093230085877005,10.475957364183015
12.160113113342565,17.705668023157425,-2.3139961038611316,12.378324963336935
10.940890208730579,4.2296573240104545,7.304216514013601,13.15502403810368
0.8363575874945794,12.877957942067663,7.700509496657785,7.745795021963626
6.022968012939025,17.857238790970797,-9.848754254583886,11.544440395795322
6.903653912327512,10.667337377399955,11.723245721436571,13.604959668678765
-6.294985746779983,18.308597567771304,5.9572606304275055,8.666937162054694
5.947453080477716,19.846782016254988,3.2664796097401427,6.7854319822198494
1.5497577563035543,1.3983644749047346,-4.780947996671157,5.025854439803941
-3.7382455983302227,5.923492066076036,-9.957888856176625,10.636448214766144
3.4573902158616674,3.7161365733437286,6.503455013791573,7.365356353982252
7.645874557322653,13.675684140941385,11.170937159424126,13.536958106092987
5.731829281790857,18.050680677896118,3.7803965557590593,6.8662409682729635
-6.623611741800125,12.279138917523216,-7.883664966895016,10.296815323990243
-8.522903189035654,15.51622279363784,-5.173805533638012,9.97036320650243
-8.959128569188053,0.7811014560372367,2.077716686476277,9.196895745223141
-8.723164819450805,11.749221418708718,-4.726418255131619,9.921322189594772
3.3961567839866005,18.282224989960277,-10.778429759227965,11.300815411997013
-9.318215953013613,6.564195333155488,0.7290781652188855,9.346694791101095
2.288318627770514,0.6256038629006444,7.190538188137873,7.545875799221096
-3.846971077431851,11.42283148937975,7.392760340139647,8.333792169075183
2.4293541183129603,2.0605817923644434,-4.596085284646622,5.198630721248564
2.5310933264879427,0.7850888577095448,-4.563873083936152,5.218751857836191
12.581696253082965,14.868183840829815,1.7788369029299531,12.706822629283346
-7.281054813637385,4.146444811770298,4.985560285816046,8.824373664045416
11.879199881655518,6.634838173157956,5.234709302324556,12.981431789605017
12.596951804114928,19.902293289915534,1.472852984273482,12.682763526474726
5.331586396604323,9.850092988127438,4.513793540507644,6.985710102114516
-8.32359879563307,7.582019320494602,3.4942975858678462,9.027314801715189
-2.012879950541967,2.8055829566372354,7.85103102339523,8.104959828747344
4.803859186965164,0.03221203344878787,12.916728642869987,13.78110815289277
2.107827685303929,6.692160321099841,7.272579610165442,7.571879009673085
-7.45497437655858,8.42047692209535,4.778164257822516,8.854800767373458
4.996750201034967,5.49582915826951,-2.8692214600540935,5.7619392879809075
-8.181003122441782,16.359533454052727,-5.826287865204891,10.043626953328959
-8.116388704857856,1.9299594757052148,3.8474287175772113,8.9821196465635
12.590288101567445,4.046830531980964,1.6251249898769562,12.694738505112792
9.21106181642075,0.8669315955138823,9.701497628523073,13.377694720024193
5.581698124888884,20.96782488695871,-2.019960232198313,5.935957656271712
7.70856313941613,1.3545570452897313,-8.819972065946889,11.713831692424494
2.293351576985869,5.720877071521285,13.782789631614566,13.972285120373316
3.9081339371136568,0.1102284264406106,6.15154266479621,7.288003020528158
1.2109088508999637,9.237580436891468,-4.808951546867031,4.95906394648251
2.036574298032135,13.67223727025814,-4.699006949951289,5.121357357878436
5.275304217971133,8.20776995679879,-2.505008572080789,5.839854667570269
1.6637424444202404,14.293596284978575,13.919121772474188,14.018202090080255
6.360981562286861,16.87763540289459,0.9712700169706724,6.434706821730079
3.3136054131775268,4.612228841477729,13.495549682278426,13.896396729407401
-0.36851250213964015,17.997813031798234,7.892042914967284,7.900641925560133
-6.287070528949365,9.803506519061324,5.963893539461365,8.665753399792349
9.342683422113275,14.381675311771538,9.554215196731763,13.362962304492607
8.987533652250516,17.520789807398167,-7.732199437914687,11.855912841195472
3.2270171763231428,3.66629307771297,6.662563912239604,7.402931699060994
4.87566628406053,11.68636307295246,-3.0102435710854425,5.73006876667164
-2.2616991139021017,19.566915779957547,7.814996546560096,8.13569013081077
0.6793327318401734,10.956677096182503,14.072543371792078,14.088930758276817
6.073032059191969,18.977149050473066,2.895873350576679,6.728135020535308
10.325515403560305,14.69783624282965,-6.1687002178815185,12.027848133695928
-7.485115527766528,13.649696374633484,-6.8823138227829235,10.16824458887966
7.021255722850113,20.188858193836484,11.640899275167484,13.594431501914684
0.4129330492598309,0.3828978986868503,-4.780749042125443,4.7985492710770785
6.140803668444585,14.003443612880645,12.21456898335222,13.671326385667653
5.08878500672612,7.380309871437879,4.875083225124168,7.04713908593889
6.756477397348021,10.341725985173005,11.823721555006204,13.618016677592703
2.7926158264772925,1.9741594986729254,-10.894276617652192,11.246509066204265
7.731243167898171,0.5687680110717144,-8.803285854980633,11.716226472959383
-8.545878138575533,19.68844378388778,-5.125371239811483,9.96501196714133
-3.5708656572577535,7.27219563320072,7.491253514577577,8.298792729177766
5.570095444693433,11.072067564820319,-2.0404077254803283,5.93205082152828
1.770311799299003,10.600535795015416,-11.013578281570846,11.154950041619474
-8.906529193007305,3.925480313204037,2.2242166740925646,9.180054579315025
1.1877941963094367,15.379100204860684,14.002251469390867,14.05254074055098
6.00132173304314,13.70711116545457,-1.1017695124290212,6.101619342601929
3.367738080528102,9.809270716136426,-4.2053438679911235,5.387631838488005
2.9620288551800944,12.196153560562818,6.830176764239472,7.444792110574767
5.592171585443588,0.5772302547088879,-2.0013369363273,5.939506088367163
3.636608281837269,4.214347019953566,6.370330420600366,7.3352593316905885
-8.118195305645388,14.966184947221329,3.84450405351604,8.982500010470586
-4.876422899657684,14.469113467623751,6.922567763557991,8.467670561456565
3.037533371814576,2.207373357268207,6.784018393154918,7.433001718252961
10.554291764099924,3.339680485714848,7.947201031169863,13.211778035963775
5.616261894045965,16.785923088337555,12.512645539372771,13.715272365377878
6.116993805168945,1.4089159561670708,-9.801342387835879,11.553524389382817
-7.377396126355226,18.393265994674,-7.022789832635749,10.185555980825649
10.981004296753493,20.13058244813002,-5.148302785365999,12.127962604457766
1.3117420567420939,18.021888769325138,13.982230080970977,14.043625787546306
3.1063020414179117,5.917356470412521,-4.336196144974403,5.33401437757792
-3.445224966083425,2.1371075412916154,7.532452429839128,8.282959294522334
12.505158994532383,0.819888103922406,-0.5912250112563218,12.51912730554607
0.9067782563898454,5.295619576037231,7.683179350953878,7.736503845096018
-4.087219378009193,9.096558559408521,7.297921892133385,8.364509919155669
-9.356201692412377,9.867266891620512,-2.50902559806369,9.686780660303972
6.79323470368133,8.599690481506196,-9.427403569209247,11.619981746803203
1.7652541335042473,6.315962447532538,-11.013931577642268,11.154497342006914
-9.0762312947748,18.358715473857693,-3.7366687201486064,9.815328198302208
12.543314441318977,11.120420521728448,-0.2563757020175379,12.54593422884028
4.832219426434855,1.5477062522945984,-3.0586307709878713,5.718878104877587
4.656274997617631,3.275082582261264,12.983098276377778,13.792814713013536
-2.142370417746465,10.340208830041824,-10.581097339427563,10.795803439914799
-1.1916507260397569,4.072574055325428,7.914218701770714,8.003429834285324
5.478209349837909,7.9460422248609985,-2.1959466237029996,5.901945378839429
-2.6627204884221176,11.56234167882916,7.740110353054425,8.185315429286963
-5.733659129146939,13.04804612811903,6.390024802949635,8.585293471487248
6.361389747861987,5.49974315953803,12.079830038865564,13.652456676074179
-1.3563192688025314,1.626629088655114,-10.785530868481844,10.870477361822699
6.292846824859562,16.925180923330824,0.06277055487236766,6.293159882261379
-7.007929063932912,7.7760978007906925,-7.469134172294102,10.242022995914779
1.4673547162247988,20.69426196467357,-4.789936813780467,5.009653136020151
-3.0009254998557235,17.562826718053405,-10.282664832310397,10.711617520679
2.4311954116945156,20.305224474650338,7.121436922042379,7.524996675379525
2.6899491900753465,17.660812001863977,-4.50885916409955,5.250298811198417
-7.603528982689319,3.6991172509938846,4.5902061981434645,8.881646577750724
-9.287540547943,4.7544334870705995,0.8858195752489206,9.329688405813965
3.932940043640917,11.83079307177119,6.130453233877181,7.283575649337996
11.010909028763058,17.552636301330278,7.178238725830179,13.144094827895296
0.8352680563787668,8.173683870111267,14.052998759389421,14.077799787516774
10.761832859669454,6.713324238298141,7.61238532947477,13.182012627207724
5.179723249708564,16.41283047617523,-2.6369065862766945,5.812298107317007
2.7650336847556587,11.893030129481376,6.944883732179927,7.475080021734272
11.393785666937726,5.372340019922307,6.423457496385904,13.079723163430938
10.843407203588573,19.390071195997443,7.474373560049342,13.169880025953207
1.9615693275499255,13.940850824204823,7.334905756583913,7.5926672971198
5.655418385643499,6.657715771830558,3.938054031374689,6.89144590566457
5.530620115813369,18.152681283062673,4.175569821547348,6.9298731734467145
3.981602852091603,1.6982746182669262,6.088516054569938,7.274832576667306
-7.442380454555349,15.522977557477653,-6.938654166328891,10.175163314181288
-7.7683836809770614,16.604756748240842,4.368615537667575,8.912496099904969
-2.3459245386478553,18.111597722498853,7.80099866944084,8.146099814122579
3.5281564884092735,7.662975245397762,-4.115821657529472,5.42105857958509
5.614535035968436,16.321834386423753,4.018387140727527,6.904378240137301
-6.163544723151327,14.90527509310856,6.065345158914999,8.64740975385463
6.317638646312187,8.007689208755219,0.24870795919730612,6.322532223274578
10.441307101235054,2.6006575430000765,8.120516746758794,13.227383952115837
12.35522625231552,4.102699507898397,-1.4980420398999421,12.445711940231229
12.605314120030766,18.544510200164456,0.8721625442716285,12.63545058825673
9.911148618347235,10.603674420193494,-6.713684724742557,11.970982813378685
11.888491832159406,18.26456553839671,5.208196571240663,12.97927384594392
-6.921136986834624,5.992785926020848,-7.566837955920301,10.254714712837524
-9.172287843046385,20.66870699195534,1.3797070907864224,9.275476048810802
-9.47470520959143,15.969741644903406,-0.7731041757534665,9.506194237192213
11.178152554241635,9.79385709434914,-4.790660603552565,12.161477029716801
12.088843333720703,10.478612458396,4.58413543971406,12.928821712626634
-8.964948116532497,17.939994798067666,-4.086719225957319,9.852490485350836
-2.773938712577608,4.344764459923244,-10.369572561045779,10.734187024639091
-5.519301562678689,7.742398725964869,6.536709578022769,8.555189176587625
-6.788683896507611,4.816021392961951,-7.711224124436123,10.273714349931451
3.458941012206748,19.927182845347676,-10.764400622072129,11.306484585333882
3.2875984355616503,16.907835264349853,-4.24738980047929,5.371091471081359
0.13090942544796252,15.973728087851635,-4.738202383299746,4.740010453868062
-5.0797293613901395,13.889240932861592,-9.178131390052204,10.490078464817634
6.106049989331349,19.252655408401832,-0.7816092411172116,6.155871951073478
1.04345641552095,0.27493600260794326,-4.814051517806422,4.9258393505255675
-9.259096189483765,6.405997535091488,-3.024243925318264,9.740478097400414
3.78911079772357,4.600833421667449,13.332273345928355,13.860262378756651
0.7853885855913265,9.57559480416143,7.712614158811921,7.7524997512469005
8.358023326971544,9.962497621853352,10.560365007131729,13.467659893910776
-7.293656313875706,10.995828452264956,4.970962832017417,8.826544845081656
8.147464674509447,8.347127312443568,-8.481579247606295,11.76088292416029
5.976142169685871,15.130601222512803,3.187809124562463,6.77321210703913
8.457543478993236,10.92654525218871,10.467897186074136,13.457596858179391
-9.065192856469022,11.129000021053722,-3.7735261886800675,9.819227129546974
-7.833749139878125,14.44004792797632,-6.389337186683632,10.108969050881479
4.304710844799135,2.5416316269546426,-3.5679036163661983,5.591106480206783
12.352902601891008,11.951739446446988,-1.5094287022740995,12.44478114307578
2.4351690539499895,17.37636957632137,7.119461259002598,7.524412066052374
-3.557451715460394,15.339641982883437,7.495758846474926,8.297099697625624
11.951938840279142,13.292262090034855,5.021995623946951,12.964153735925668
7.272691677859825,7.174328205628668,-9.124791609972378,11.668498882317033
12.485344174026217,19.446579181527124,-0.7393934629278278,12.507218789039824
2.2698736364191276,18.091718729347566,13.788422328946055,13.974008610512902
-7.363633756532365,7.318333425615763,4.888703049691797,8.838694451581004
4.1671482474239125,14.577525458995837,-3.6804187068061642,5.559730782458531
2.7329695506164047,19.01426588424799,13.669303244200096,13.939834064525147
3.5674290781452767,1.2695455008494623,-4.092783851012073,5.429312099953518
7.447348082377602,15.792866866820287,-9.006196182336858,11.686512017485471
2.002194572627909,20.147874272568295,-10.994887471455238,11.175702824280181
6.230205545758394,0.5473475093138617,-9.742813249755002,11.564509118938005
3.2664326251002254,1.0216903375301536,-4.25820474395513,5.366739208845639
7.50075646942959,5.353874543120941,11.285225987159409,13.550559884925342
12.578601822141847,9.839347298427247,0.1679673639562558,12.579723241603713
-5.203348532183254,16.684244002657124,6.7360439307819435,8.511705104431067
-6.721570714763601,2.591514172801969,5.574516919589961,8.73239667905452
7.654095877965663,11.708883846638045,-8.859702155446989,11.708095745778772
-2.8298542864107907,1.1152409284385039,-10.348712512652188,10.728649773006923
4.915265780898304,15.61383621224664,-2.9651470738523193,5.7403775891873865
-1.4907307488182906,15.599065775862465,-10.755021966396937,10.857843969368549
9.496309539428612,16.42459159359538,-7.200654069077587,11.917605207891661
0.46270184912221696,0.745189539112412,7.780839187260202,7.794584752197202
7.963476229324578,13.50293150585555,-8.627482860817073,11.740971602414765
0.9914833419251313,1.4811029352359752,14.031637867642138,14.066623634190396
-7.615455247614343,6.232929220541902,-6.705253511443961,10.146703074454697
9.05428916197721,8.173087807863999,-7.6661389354082985,11.863803707314153
6.358505613303929,0.28488147300952515,1.166589138999107,6.464636405371013
11.342378153002572,3.6315529653910708,6.532186108979137,13.08888832285042
-5.256258591972065,7.155093803380559,-9.054525360609617,10.469607628349921
-1.5962320687569915,10.97348819051618,7.893732044686413,8.053506218451524
11.236184161156809,0.21287306925659488,-4.67967262140192,12.17173653785399
12.566558720176191,17.15042894381081,1.9934867987744513,12.723693948084584
0.2436280162029405,5.0351116274581775,-11.014994598839628,11.017688533569332
3.3888217783152377,2.8352490996247544,-10.78004421357481,11.30015337470299
2.0437921694098695,3.4637257341112564,-4.697416613403977,5.122773591681052
9.264378853405526,7.624818438266708,-7.451185194940182,11.88902335554621
12.485807641279271,15.196702050532128,-0.7360758709732855,12.50748576424762
-7.740332529435716,15.444663247583724,-6.527692701164308,10.12538985259701
2.9088974905823006,20.25405276014116,-4.4233332230459315,5.294106290283367
6.340530783775934,13.920764237269093,0.4791280979182538,6.358607894360606
6.138122857725686,9.740572969572813,-0.6695573311004609,6.174533118881533
3.0603608055607006,12.113706665244646,-10.847109050002885,11.2705626746346
4.498778063855376,15.895662769537694,13.05164240482068,13.805229934019195
2.17641751026631,16.40921709661155,7.242079911122284,7.5620443411867635
6.077091069696013,9.012600238581742,-0.8763957809778772,6.139959725787691
12.159172992988932,19.612042834597194,-2.317408926574295,12.378039909710974
10.21658274384185,17.586302990763652,-6.318356685035368,12.012501577985253
-3.9667475723780363,11.569660007222982,-9.843266913981024,10.61249215984825
1.9599768339379455,15.790389587673472,-4.715200928709825,5.106332244153274
3.740865506165926,13.617880284727516,13.349724397648746,13.863953845436741
-3.5974120523658066,0.8606601345344158,7.4822617359617505,8.302145154111924
4.028263878232403,1.5359777977703009,6.047586255272055,7.266375257831613
-5.755426948793859,2.532309066753492,6.374585541774366,8.588380533738674
4.451639732242262,20.773584985727428,13.071704934184654,13.808930667943313
-0.7700928661086404,7.710664967087779,-10.897851619329336,10.925026907946288
1.1730698778915813,9.599551754802008,14.004554250289365,14.053598567189631
-6.807052823236381,4.167987628518299,5.491418114516484,8.745949979663168
10.215532203371895,12.014295840470416,8.450044796414392,13.257464133820546
0.11730583674629685,16.89655974486853,-11.005607469356098,11.006232617425525
0.5428706091962807,10.866445540475372,-4.794500427387721,4.825136562476774
12.603974311626772,17.771068960313094,0.7748191924446579,12.627767547319207
6.222447063593309,2.619686883081701,2.3160914822009113,6.639512573460842
4.311468486349513,11.038211182955122,-3.5621823644258463,5.59266517022175
12.56558831295856,12.2560818653621,2.005686958522536,12.72465283716409
2.994199081511532,4.575461217632167,6.810662146471978,7.439781382077756
-9.106641831753961,5.422503492623834,1.6168563663000994,9.249062112511533
7.0452992639260765,4.255422160151551,-9.272399660362352,11.645326838683626
11.751263615259717,0.06461414840229629,5.582506431932553,13.009864511896163
-8.161196500942328,11.769489453625132,3.774135783650316,8.991619945283668
5.86717730962477,3.714831191498056,-1.4430153750292523,6.042024739699976
5.902104477037956,17.700106752852673,3.385025109603502,6.803913010210939
9.450949491641609,2.8832143058906183,-7.250800328958415,11.91194995389018
-8.16268583102403,5.040504436536261,-5.858172396062676,10.047269469760984
-1.9220281439586768,4.400693791644075,7.862218782853072,8.093743038645153
6.182659769138892,10.318547077246883,12.189442391581721,13.667764544307094
12.13435649898169,16.59404898822979,4.425165983490234,12.916063704775471
10.2809623129193,1.7272414528887494,8.356726145732125,13.248888932828663
2.3260325280902867,6.898030555321839,-10.9605949383755,11.204689586279342
-8.821396983207325,16.263146574823487,2.446164095029323,9.15427569582378
3.318364714535873,19.333169642068135,6.601026776450559,7.388172905535847
-9.048672578361584,20.17494292403744,1.8081162176240126,9.227554371924766
11.814806714749617,2.570548767027577,-3.3770371548801275,12.287963120563697
4.408295230737893,19.31830937663028,-3.4781184997915746,5.615191460666221
-4.358766659982675,14.936510430277604,-9.63003155440474,10.570541827882215
-7.531738801983321,20.150182375482963,4.682350420082252,8.868567800820243
4.236444728439366,20.466170970735025,-10.558959622449214,11.377130228912497
-1.1002425147255706,8.54641328445728,7.915991189218561,7.992086717434661
0.47384449775782655,15.802704620114511,-11.028339030673113,11.038513957210153
4.314926925814998,2.5770433297727804,-3.5592471090369924,5.593463538659339
-9.030095275034325,3.8412170271930415,1.8664100988100254,9.220960217522755
5.003739684903094,3.630474712930278,12.823476835131444,13.76513599552968
-3.4380932678715883,13.662223238545382,7.534724132217107,8.282062126499582
-9.475247593721194,16.39088424198612,-1.1915726997493463,9.549877614980584
-1.9193626126577528,5.926792587300072,7.862531176029965,8.093413947952467
11.46182689977118,2.178208302753892,6.275409011604625,13.067296359356314
6.113804170038484,3.6916277715153822,2.7575060518074648,6.706895038341867
-9.19019231715628,6.603800869540522,1.3104030760343055,9.283145536293098
2.3847565602810348,2.5681482910833386,-10.953349955802027,11.209948220490213
5.602793968672703,20.58886349851948,12.519900569235194,13.716384746679095
-3.985894668897083,4.400188849708063,-9.833346044401848,10.610468921800566
2.9920641153906646,11.793728795105196,-4.38780762327889,5.310866540359761
5.013183316185493,10.810139935779912,12.818973927165612,13.76437791936244
-2.6211630627902665,19.67102030638483,7.748844387894051,8.180164127298008
3.6482134552027126,12.693970789076998,-4.043963224059367,5.446384119052452
11.059364991650098,0.14840703712622605,-5.009546532456534,12.14105063326
-0.604628294219832,12.061338840364337,-10.923559312122496,10.940279860206012
-9.208947246459804,5.866963981168469,-3.2433705907080808,9.763409352103888
-3.3538721926033763,16.385369922868005,7.561012532138205,8.271479262832566
-3.6593321698193946,11.023946909492667,-9.99588514012326,10.644643331911695
3.75150195794238,7.485918414597756,13.345894420973206,13.863140511305843
9.27886365004161,18.69980455719679,-7.435956693310493,11.890784775650959
5.750502571037047,14.642878343681804,-1.6982484770613921,5.99602599305115
3.181883494081888,8.19791268261486,-4.300219106247234,5.349417438529595
-9.161072289312662,7.506234747171687,1.4220254463039483,9.270782160095678
-9.426302112390228,17.284580953980267,-0.014471842057949413,9.426313221417217
0.4261900579871591,18.744193906932743,-4.782319021024156,4.801272038155778
5.49097195336012,12.979127596291397,4.246568447923328,6.941477982064439
10.058116680983744,11.763573633398652,-6.527720814336934,11.990698486669201
-9.37853624277153,6.9327579932398935,0.3666689057567777,9.385701260077905
1.3511791133055826,14.633024907100596,-11.034997963151756,11.11741269554192
-9.289792025937427,0.2517360602105285,-2.8770793641674226,9.725112932654747
6.34967681861574,8.866854759099418,0.6091890919405964,6.378832734176804
-7.608798872494149,19.556391761474156,4.583342072851498,8.882614752359741
8.500657379353019,20.90213677976122,-8.183986948039886,11.799949925607148
-7.817982996469449,11.228049559561379,4.299021384576035,8.92202011867982
-1.1089094285112293,12.427761397435626,-10.837015669563671,10.893603111138649
-9.045690063063784,17.449683465488533,1.817566293716288,9.226486652516463
-8.957346367001136,2.563931361861652,-4.10907529578165,9.854874617407951
2.025806888656137,18.384978447742213,-10.992710146606345,11.177815972605236
3.3017811841714972,14.879135428842764,-4.240075601321311,5.374011545676955
2.6429149670203413,7.735240865617007,-4.525754366092805,5.240940002051943
4.099077453826867,1.9226543809602306,13.215275934219193,13.836399603582743
5.855403539203833,6.978421469041879,-1.470277993436055,6.037173840871498
3.377910565455014,6.616796293880548,6.559825299506644,7.378454292618478
8.485966347705627,9.960056675952778,-8.196846044102443,11.798301145720526
1.1834562867348604,15.30184389307517,14.002931554688923,14.052852411802915
3.266868352757823,2.037130236529209,-4.257983312536922,5.366828739963062
11.94449293336449,4.575012362883819,-3.0149408831352766,12.319122532225855
6.2762284514144,10.003248818779312,-0.04274971856803674,6.276374041815963
0.10852319649384749,7.032819214001067,-11.004900240339769,11.005435320059245
6.358139373545156,20.996919670889703,0.7973640790035037,6.407942397362065
-9.454312349236567,15.013623377942608,-1.654989848032044,9.598073420953613
4.620528951682745,9.152587796698361,-3.2793049088438533,5.665962272951157
6.039998149166103,5.6738399743141,-0.9903963670052444,6.120658674171199
12.604595219093246,12.05740551616808,0.8133894140683804,12.630812443232099
-2.1946831786116645,6.816063594558447,-10.565219605726298,10.790759916322129
-8.062162505355982,8.914789326415944,3.9340631958885965,8.97080361461631
4.8393404206102355,8.31367737291343,-3.050776580426651,5.720703929607945
2.882287372701338,2.7129103398393695,6.877590161100587,7.457132620712949
5.806712605083258,18.986314054308846,-9.95375234624715,11.523675500831036
9.623585320894627,7.029687675819715,-7.056819578433305,11.933653966455461
7.543848281759827,4.263684047786569,11.251623600116783,13.546537584819069
-9.348399811481341,9.957703150682983,0.5587279936449474,9.365081740496818
6.864807560769501,0.44367113571445604,11.75004145481393,13.608418608943655
-8.909042325796634,17.836747174457376,-4.247196271264381,9.869635825575225
-5.829800842236979,11.05386302818651,-8.613064627155369,10.400550953276564
5.957871632803327,15.917194501494693,-9.880949642185769,11.538171441973535
-7.467891805850871,20.983449429830966,-6.905119355029531,10.171041310067423
-8.651382840364022,17.589292663906754,2.8447691565703215,9.107092653790168
6.179096463780778,7.0502495722989265,-9.76943268590882,11.559543594502843
11.339753074707405,20.122201488563174,-4.474327389663991,12.190553940868865
1.9434539652184342,3.7354498813962724,-4.718530942649135,5.103091961905115
12.599960568279451,12.955271781674023,0.6090975727328692,12.614674239761648
-8.075239481279231,6.172512779961797,3.9133717409552533,8.973514978140841
9.741716756809886,1.8636706624399397,9.079106796956413,13.316577097754912
8.470388246439981,1.6428519542863502,10.4558250936374,13.456290552532156
4.006897578071967,1.1367669434925833,6.066416503066305,7.270257037397935
7.975483628424275,10.222237244715584,-8.618143050112055,11.742262505133256
-6.578662014575667,7.964972079601834,-7.929253183695398,10.30300198743863
5.361408150448925,19.96067819465771,-2.3790700583692423,5.86554956490261
6.326855990363776,8.931723155810271,1.6483187692187105,6.538047222815133
-7.31102775597867,10.496573487426415,-7.106872785467248,10.196017243880352
6.33342556742382,5.626534970235284,1.5814191441652594,6.527876065584435
1.0311632355744318,9.542793462107484,-4.814197685997851,4.923392832007963
-9.26562521794853,13.886199898403063,0.9898642247523146,9.318349739247195
-5.965675172743358,10.386552942679478,6.220077343882974,8.618505811947497
3.3926156602418263,18.66035084883599,-4.191934013640312,5.3927870153412005
-6.699577724903341,9.902387560691833,-7.805306694343156,10.286260461643925
-1.520953835783082,7.397417699528598,7.8991058556547955,8.04420125863489
3.868097091996222,13.05209266162685,6.185177744907242,7.29510787097802
-4.3947973052159695,7.339754511476387,-9.609338174022175,10.566627820485275
0.11705534022967443,0.18281781612643733,-4.735655365081649,4.737101823847878
-4.710902317931627,1.5397033730845646,7.0097952391097085,8.445698902005606
-9.463781646261882,0.7176716624785452,-1.5009493551553232,9.5820672098908
2.5016670324051544,5.094453233058392,7.085959142101047,7.514596123847789
-9.461113833718802,4.91168372631107,-0.44151078731145316,9.471409966309011
5.651033586161197,9.191836574243313,3.946796772405743,6.892850306991606
-3.6154034348287793,7.082994196835699,-10.016689890231643,10.64918862419295
7.870022207240014,2.1006471147694223,10.98794003064097,13.515623391446407
4.241527294776227,19.78037689531421,13.158632131322872,13.8253446018468
3.8697569384880826,0.0006921525973612175,13.302648971688082,13.854078404099301
4.624893031552951,8.580370382596648,-10.43372648343774,11.412812268871205
-0.7790709107676103,6.974138630020784,7.91385444478653,7.9521093841365005
5.829441908929122,1.0500351469876659,-1.5291136163611305,6.026655906995207
5.769292760048773,3.0593115673818745,-1.6592261725321757,6.003146711747679
-2.3940038033657385,19.29213680566457,7.79259756413326,8.152044590595983
5.475699652632545,20.39394958102413,-2.200044694455092,5.90114254559574
10.185606424868354,20.801859934004085,-6.360039951345096,12.008192471185046
9.759690899203838,9.69730817981124,-6.897673104650876,11.951128009800007
-8.650926712445257,16.17724571222239,2.8457713474087853,9.10697246870944
-5.4627921851296195,8.086603823829964,-8.902830244093474,10.44521348815134
0.7912705045334004,18.576790968675358,14.058692822517463,14.080942897734106
9.651426195061598,16.638620268064045,-7.024724109728291,11.937201364495747
-8.734976154862226,17.91809567169535,2.6553604826835686,9.129663067113112
12.563978716134109,5.699456731507188,2.0256031336131364,12.726218182727116
6.340444246306308,9.329945863200253,1.5003662692495434,6.515545424783759
5.081266912328168,16.609278680994365,-2.764983227482799,5.784842753487966
4.976298014681377,20.330587509144372,-10.306943517504514,11.44537577382019
-3.583981625754039,9.842876872114884,7.486823458027558,8.300448770121667
3.789382030546283,14.387949939706996,13.332174664244508,13.8602416086932
-0.3318179750475315,16.69394766742262,7.889042322043465,7.89601747259703
-3.797850061319107,7.179710699296588,7.411093873412848,8.327543304528593
12.503240029849552,19.701709799569333,-0.606187398976087,12.517926122433764
-3.6541425498469144,14.813031925760733,-9.998355812567734,10.645180915762245
5.7258332300592025,17.18247407017825,-1.7484005059739576,5.986824743362727
2.91295987366163,20.91283414569636,-4.421637420428294,5.29492329531737
12.472570884218868,6.780400097113088,2.8292313968405995,12.789432151535612
3.7184694174387802,2.7973377880186137,6.306619887390536,7.321234131787981
-6.367122284597028,20.787680599863453,5.89605892834447,8.67777373947504
-9.044088163076744,17.46128354476226,1.822627272635155,9.225914636308875
0.9099771326400414,18.374575150065866,-4.813962276563038,4.899213322779462
1.1418541403858025,7.261877574442909,-4.811755880951249,4.945384265735589
-2.0063825205997934,13.898162068452162,7.85186601320292,8.10415761867077
-9.42536429789635,6.160795860535947,-1.9871754831312727,9.632567598974697
10.51683070388496,9.176788823404793,8.00532697929535,13.216996182930954
-4.927051640194127,6.807913222302038,-9.280741613391925,10.507521247167867
2.031116066521614,17.75918923147593,-10.992213594891036,11.178291112302878
5.548877839662945,0.04204409933747377,4.142197022388304,6.924437988153627
6.335991567899374,7.368318119908129,0.4257474329931518,6.350279523390464
-7.674338622838095,5.251582715601573,4.496792336600122,8.894752082913278
11.927524762085051,3.526624875974939,-3.064418823706788,12.314889754977125
-7.445916373865457,4.384680858592249,-6.934023434381103,10.174593438321947
-8.663308651348162,15.447757309961686,2.818450584674515,9.110245907042028
5.645081202314361,10.792109745118902,-1.9047377720662513,5.957765332828984
3.816523882940275,3.519352577735982,-3.935838971830946,5.482397555927223
7.421780386376134,4.765989094151938,11.346088434373609,13.557896107590736
-2.977674137592153,1.1154700226938736,-10.291840607176827,10.713940748073002
-4.061577457256726,10.910448468742201,-9.793644119269413,10.602446725930593
12.430435172149863,6.83259764532044,-1.0946168755808197,12.478537761826372
3.119767827063775,10.473303585835826,6.732311671404044,7.42003852656476
4.95270193774217,14.358344883096153,-2.921611488597307,5.7502234890844734
6.281461472161416,20.59658923949312,-0.010770215081484291,6.281470705478229
12.584239986678238,20.923003157512248,1.736667256919953,12.703507751938806
-6.883194132444971,1.6527367860965487,5.415442399829934,8.758160643125969
11.353284673262005,9.604182533092999,6.509333999334808,13.086959233795374
2.601352746670075,9.429954898524723,-4.54025751439371,5.232683289634153
-4.368980892757853,6.613527737711962,-9.624184448446949,10.56943330264264
6.326391147836654,16.716021769172436,1.6527967679839493,6.538727866464865
4.279893559868872,6.7654869197049,5.813984347483297,7.21941153256883
-9.340098690364611,15.83274378088613,0.6074587204679551,9.35983171017638
-6.758201758205412,11.917027253049575,-7.743677757005974,10.278026863603724
5.40826153722307,7.964665926921262,-10.132882316143105,11.485843325059422
-0.9352105900227711,12.461894399371067,-10.869588267849094,10.90974646635995
6.171176194572904,2.4247406925998582,2.5407752594522064,6.673751159843146
5.3405212651471645,6.120068920710265,4.49951442020087,6.983322805161211
-1.4468382556494728,0.5787083716595005,-10.76518284435765,10.861975078707513
-4.6205497241269615,13.699865085992064,-9.475303865102944,10.541862410843946
4.614193987999194,12.464649011713961,-10.4373833212556,11.411825303329547
5.704933724933804,4.971750179400778,3.837077734035684,6.8752770375396155
12.579421227554661,1.502852866033014,1.8147095955025674,12.709642376410986
4.404464803390516,5.999812033742719,5.6896300581054655,7.195220663913169
5.823741611271195,12.767726779423949,-9.945686255931957,11.525304397554342
11.898497629711471,3.2599890315445403,-3.1475089252648982,12.30776414621566
1.803524346508255,17.796470441369983,-11.01120064091842,11.157922728851021
6.109424319476945,7.964219465503931,-0.770192330870417,6.157780585726317
-4.756720901883184,1.1970740752429996,-9.39070156757245,10.52671219657971
6.029418677557947,10.123966126123685,3.0328806113194724,6.749241023389386
-6.83856409420214,1.4926672090419757,-7.657500851200702,10.266609866779307
-6.805367045550673,13.017299044096461,-7.693341484821069,10.27134479154195
5.6417066661957715,17.90831163885506,12.4988855938444,13.713168678150536
5.252681223146596,15.871393141995451,-2.536945276168145,5.833245354540531
-9.00631771709084,7.666881486780274,-3.961818768935966,9.839195433523903
0.6781495054885478,20.5615389410469,-4.8049784273026415,4.852597700061084
4.633901665420708,8.549491802492437,5.443487454748976,7.1487481641752
